0.53833397997138377E-3,0.10291465911027586E-2,0.14858513274429441E-2,0.10089466973006722E-2,0.38785045912703708E-3,0.30598509197510282E-3,0.64028802868598689E-3,0.12663896820086507E-2,0.85538228908887959E-3,0.49936232247027590E-3,0.42569626810262662E-3,0.44294986385473578E-3,0.40737204010099504E-4,0.85748865252810447E-4,0.13220445551631599E-3,0.96003171856651193E-4,0.43321134723939281E-4,0.34322933029073965E-4,0.66265711162749596E-4,0.11201101521862711E-3,0.59825149856251869E-4,0.30071055245883827E-4,0.27466405905229863E-4,0.29346597285595521E-4,0.18425937386812308E-1,0.35233180402194364E-1,0.50896746269657456E-1,0.34544643331280156E-1,0.13261637502637313E-1,0.10428168448761710E-1,0.21882332977885000E-1,0.43083923515929712E-1,0.29115594770523501E-1,0.16982153988109872E-1,0.14440994405617857E-1,0.15179764537887053E-1,0.78171921158443070E-4,0.14974568074421768E-3,0.21704678179190751E-3,0.14719340621915933E-3,0.56501541845221936E-4,0.43968210139411212E-4,0.92928689010562948E-4,0.17960555211971041E-3,0.12118645151826257E-3,0.70372575744492849E-4,0.59376417071987930E-4,0.64584878955997738E-4,0.10697359442701782E-5,0.17737825430685916E-5,0.18472944063319119E-5,0.13789649422335515E-5,0.54927751236277800E-6,0.89642706591064325E-6,0.12037085106442191E-5,0.57105385309341727E-5,0.40351494590140646E-5,0.26623272475490012E-5,0.27314565720359951E-5,0.69767533972253659E-6
0.11578549738100463E-2,0.16122308376331773E-2,0.18396621557226212E-2,0.16470711349025891E-2,0.10279020874026656E-2,0.73482944866753996E-3,0.10214061040514366E-2,0.14702222891571637E-2,0.99542509004457713E-3,0.63226987414566338E-3,0.52567933774838593E-3,0.77165199070527990E-3,0.44977848845650925E-1,0.62629381268486384E-1,0.71344286486452191E-1,0.63934187777059392E-1,0.39735399676033012E-1,0.28385490251059409E-1,0.39509065679710353E-1,0.57054184488292137E-1,0.38673653012044618E-1,0.24590793901269059E-1,0.20453812382026371E-1,0.29938436704046723E-1,0.26761726731372448E-1,0.37242955945515632E-1,0.42403896301657085E-1,0.37931204148211606E-1,0.23542599372339268E-1,0.16817399860791227E-1,0.23407693028953958E-1,0.33840829957476615E-1,0.22993209092625477E-1,0.14637610586376582E-1,0.12174284310617622E-1,0.17821855368715944E-1,0.34704493945270087E-4,0.48000728547492599E-4,0.54493498602425916E-4,0.48100416760732401E-4,0.29845817284268605E-4,0.20925627053358653E-4,0.29159505210429870E-4,0.40832722070227589E-4,0.28391624873336241E-4,0.18204371721175505E-4,0.14923759916740664E-4,0.23336937804430136E-4,0.57712908230200810E-5,0.85447240394387336E-5,0.80794569257136573E-5,0.11238229546961520E-4,0.51830716607526028E-5,0.30153576524583059E-5,0.52264208072472229E-5,0.86765396645205328E-5,0.48175342826084488E-5,0.29737949880370707E-5,0.25351726939959462E-5,0.28612365809976836E-5
0.93662499089930407E-5,0.14705691331329263E-4,0.24197693922663653E-4,0.16380006773175637E-4,0.28091081964258063E-4,0.28414287308227891E-4,0.25238644833317874E-4,0.21826367468946728E-4,0.12148173696620764E-4,0.61625432460724978E-5,0.72915929590540909E-5,0.77035668806975845E-5,0.39775853976446268E-3,0.62510894967005015E-3,0.10116468476854361E-2,0.69871519364402468E-3,0.11592540270240668E-2,0.11577823848085700E-2,0.10461379060651885E-2,0.90864852613966229E-3,0.50588807325446794E-3,0.25721585387531815E-3,0.30295019774288318E-3,0.32290106005324526E-3,0.14039620537502628,0.17052563086667288,0.15564337518666113,0.18233293122467131,0.14087744793475449,0.11061584514875378,0.10232085935069080,0.98550634914692153E-1,0.68465094155219702E-1,0.60044686852833706E-1,0.53264526357092265E-1,0.77898257323975414E-1,0.29908531947360950E-6,0.46818516471110649E-6,0.75975616908863230E-6,0.51773589859749336E-6,0.84213957289118002E-6,0.83212145322401443E-6,0.75458030934782983E-6,0.64778700921882171E-6,0.36666121990454792E-6,0.18717775477720505E-6,0.21540584131211443E-6,0.24491099518778964E-6,0.84526542802147264E-6,0.13017391016963606E-5,0.16873150580446843E-5,0.14905862618282604E-5,0.20872757152308927E-5,0.16600605334815555E-5,0.18791215102472356E-5,0.14384312999974707E-5,0.83027226575419876E-6,0.44018128401527673E-6,0.53489218979999964E-6,0.63746661282948480E-6
0.31328051264267742E-4,0.41618900770146183E-4,0.41828814190125740E-4,0.37436955757641499E-4,0.24275090382275266E-4,0.36897306543437480E-4,0.29392287270724182E-4,0.88859778202277084E-4,0.59795617790570077E-4,0.41334681011306884E-4,0.39612404911792964E-4,0.15451334878235912E-4,0.39398482787333933E-3,0.56912219825733246E-3,0.69251044765294978E-3,0.53416164602637650E-3,0.43879054478779267E-3,0.76874361631951160E-3,0.47872692965356123E-3,0.14331552553592530E-2,0.87554620709084929E-3,0.57377479700804201E-3,0.52248073223459812E-3,0.16078613951364673E-3,0.23444750940626591E-3,0.33850014524716698E-3,0.41169105458038757E-3,0.31695246072160899E-3,0.26005650255456203E-3,0.45556893946141486E-3,0.28365749571435117E-3,0.84996330507181028E-3,0.52048719290098688E-3,0.34150764438578562E-3,0.31095744557063654E-3,0.95712040071305182E-4,0.10195114086286594E-4,0.13028633283340696E-4,0.11721385639873461E-4,0.11456462445380566E-4,0.63636491631768877E-5,0.85014160156049456E-5,0.82963316216932981E-5,0.25249052626463708E-4,0.18026164783080389E-4,0.12827541473470205E-4,0.12597671350533801E-4,0.54038649111021186E-5,0.98411225835093319E-5,0.12515956271386131E-4,0.11114773101894571E-4,0.10961600516168346E-4,0.59772897742504938E-5,0.78530160152467943E-5,0.78798043645633697E-5,0.24005447407660085E-4,0.17274279784373903E-4,0.12333400967179386E-4,0.12151708972396591E-4,0.52632067593094689E-5
0.40036686543842848E-3,0.57612864567957445E-3,0.61311769306016117E-3,0.60269807944379750E-3,0.35934107023294359E-3,0.23272658422612835E-3,0.35492823258209683E-3,0.45203249587899563E-3,0.30220469682262774E-3,0.18724522776736308E-3,0.15912316086996725E-3,0.24064515669053321E-3,0.15367122943032996E-1,0.20726262755843550E-1,0.18430265515068101E-1,0.21541130707625200E-1,0.10833059497450392E-1,0.58744502924312769E-2,0.10982286140048814E-1,0.13845551237512410E-1,0.99568926630322352E-2,0.66425243558931868E-2,0.56948202691309291E-2,0.96840530932063018E-2,0.36393148343805137E-2,0.48003382691064189E-2,0.40124982678690913E-2,0.50031130758299014E-2,0.24890115888354103E-2,0.13326032131111276E-2,0.26107537305364303E-2,0.31559102993128363E-2,0.23547357370645727E-2,0.15986879784435359E-2,0.14139153527992221E-2,0.23922334380088728E-2,0.59919895711857407E-5,0.85684108697137162E-5,0.84042612868984179E-5,0.88688008048620759E-5,0.37127643182088832E-5,0.13665983900068568E-5,0.31126505817269390E-5,0.47586101725727303E-5,0.29826527914167400E-5,0.19186054966979782E-5,0.12197227672317013E-5,0.30773863457511652E-5,0.94928376181968588E-3,0.12908455166993349E-2,0.11890112956436383E-2,0.13374467284776870E-2,0.70412910391226546E-3,0.40161138947780728E-3,0.70606802982098316E-3,0.88639022965963932E-3,0.63153906726398645E-3,0.41723211108291025E-3,0.35778721407808689E-3,0.59557338438764873E-3
0.31178417176924711E-3,0.41635188323674299E-3,0.57702722422448005E-3,0.43114687171552646E-3,0.44035151018917418E-3,0.38643219437695109E-3,0.47905148807814157E-3,0.58659893080736936E-3,0.42704207063870570E-3,0.26329574458472393E-3,0.25801325489460680E-3,0.29230935671975544E-3,0.12111480122189988E-1,0.16173784194961627E-1,0.22377517226734867E-1,0.16735598647565908E-1,0.17020815231916231E-1,0.14924876624533567E-1,0.18528774756498834E-1,0.22763001717107656E-1,0.16590808034755433E-1,0.10240146695461583E-1,0.10038844640880562E-1,0.11340810643734045E-1,0.72062293834385116E-2,0.96178536109547963E-2,0.13299780778908143E-1,0.99285293127415741E-2,0.10082774327457855E-1,0.88405359088827851E-2,0.10976092167869211E-1,0.13500547546296815E-1,0.98635682149961212E-2,0.60952311722317631E-2,0.59749603211756153E-2,0.67507783263032195E-2,0.93442887649786144E-5,0.12396125903535449E-4,0.17086860726323039E-4,0.12585565345446525E-4,0.12764988177593750E-4,0.10981876963356285E-4,0.13656448460963588E-4,0.16278662262614318E-4,0.12174921870666822E-4,0.75785584696674846E-5,0.73219976082228300E-5,0.88377015039498019E-5,0.15561551158782549E-5,0.22064189586501470E-5,0.25435310746502182E-5,0.29545923041496280E-5,0.22518059417109271E-5,0.16073544273353946E-5,0.24777029317135657E-5,0.34799002790464328E-5,0.20738155193100738E-5,0.12417845418610796E-5,0.12480358968502969E-5,0.10885930379345155E-5
0.20553421187230470E-5,0.28372067473192430E-5,0.33844162472540518E-5,0.47395071200995176E-5,0.27979235595054774E-5,0.15531880226404837E-5,0.21288743545788691E-5,0.27084618992034848E-5,0.91146656888696498E-6,0.63113314574536616E-6,0.42834563673821435E-6,0.90432389354688780E-6,0.38369667132442942E-2,0.53467563319031797E-2,0.51900333932208831E-2,0.56450616047754032E-2,0.30270890536976403E-2,0.17635225947887356E-2,0.29844911262899565E-2,0.38230929192972773E-2,0.26021499687778338E-2,0.16772047035373827E-2,0.14138563923515868E-2,0.23178568172022018E-2,0.15074650590030103E-2,0.21139921833057684E-2,0.20821509176816022E-2,0.22433806313726379E-2,0.12090887236970715E-2,0.70914074590255893E-3,0.11861305353466634E-2,0.15289980057620056E-2,0.10284741753796567E-2,0.65892951761625795E-3,0.55277731791925078E-3,0.90161421351098170E-3,0.42876813211023546E-9,0.18344770147393774E-8,0.22745583194705432E-7,0.83655304905505545E-10,0.36049274676486220E-7,0.34731051368197541E-7,0.49544535141166079E-7,0.44031639445663018E-7,0.25817403770389546E-7,0.10860090604580819E-7,0.13881479299371335E-7,0.98250296787227853E-8,0.12051005160440553E-3,0.16395245705513872E-3,0.14993015473585558E-3,0.17018602116447568E-3,0.88492177696686269E-4,0.49777657773475426E-4,0.88500714423567217E-4,0.11119967979755785E-3,0.79127798091604973E-4,0.52339733214168405E-4,0.44747159866354025E-4,0.75071348915045633E-4
0.44362367113137680E-6,0.58633844446376315E-6,0.85145499539862612E-6,0.99739807524201751E-6,0.97376968710705114E-6,0.66541492316218864E-6,0.80793269852108551E-6,0.86912024244156783E-6,0.31426612423501865E-6,0.21136545846900390E-6,0.16932411028847127E-6,0.27560886906030646E-6,0.82692684255647464E-3,0.11052922254783937E-2,0.13028604266107635E-2,0.11827350014037563E-2,0.10371486581561840E-2,0.74166858126112345E-3,0.11200855209114735E-2,0.12211325860267408E-2,0.89349864103027699E-3,0.55895939896632996E-3,0.55529949842814119E-3,0.70259155613427993E-3,0.32488367249783323E-3,0.43700894511999877E-3,0.52266279357837675E-3,0.47003216385732571E-3,0.41426273820199810E-3,0.29821454710088346E-3,0.44513107519961181E-3,0.48834558263877170E-3,0.35313442978690546E-3,0.21959943286020689E-3,0.21710313911071921E-3,0.27330069398701085E-3,0.92637009174723062E-10,0.37894132276505843E-9,0.57332805170062784E-8,0.17807977314987511E-10,0.12565859464075402E-7,0.14915535473392083E-7,0.18842261084728307E-7,0.14168821671489695E-7,0.89146023896091720E-8,0.36380898293941755E-8,0.54891868828121915E-8,0.29946711777029122E-8,0.25971593853313379E-4,0.33892493167542170E-4,0.37643179773283464E-4,0.35655783303667477E-4,0.30315562060678758E-4,0.20934602718014617E-4,0.33216808859037883E-4,0.35525181019124830E-4,0.27172409655662477E-4,0.17443141331341394E-4,0.17574723543134496E-4,0.22754807815772438E-4
0.66201248281383407E-1,0.88810088972324230E-1,0.13313955474258954,0.11715854963334493,0.72262133483658175E-1,0.64773968250331215E-1,0.13103861026653174,0.19622610990555067,0.13297846790749634,0.73899229927398835E-1,0.60869290486320615E-1,0.73034577162789382E-1,0.59080048853132894E-4,0.13918714913963015E-3,0.29517516542121314E-3,0.19512802196253176E-3,0.92052311551071853E-4,0.63628964319661918E-4,0.13306518809041989E-3,0.25421117244572855E-3,0.91959973913535720E-4,0.26738300629158829E-4,0.16780048794906577E-4,0.25592003627394888E-4,0.86258520809678885E-1,0.11513118034045533,0.17081217535430682,0.15163373972559846,0.93846599928837371E-1,0.84042858480737337E-1,0.16921270020797685,0.25117345513669953,0.17168511228415895,0.96190464137446696E-1,0.79359444674853563E-1,0.95380558056357145E-1,0.46574218137696022E-1,0.61456675228721558E-1,0.89085055021032034E-1,0.80813489605646716E-1,0.50527454227511370E-1,0.45209049369110410E-1,0.90023097355840243E-1,0.13084197722079693,0.91035087379287560E-1,0.51888900716945408E-1,0.42962859123030217E-1,0.51788436410626915E-1,0.46555056283370533E-1,0.61414829108930036E-1,0.88980003144500941E-1,0.80755442054769588E-1,0.50502458772694325E-1,0.45187007105651489E-1,0.89960076438799774E-1,0.13069451922098629,0.90967999175628478E-1,0.51868831134616045E-1,0.42949389348567735E-1,0.51774714460606219E-1
0.77554042289727149E-1,0.87817793602017566E-1,0.81342762295332313E-1,0.90208917427745589E-1,0.43275187187658493E-1,0.32106251102493773E-1,0.74188007263180228E-1,0.97661222676282855E-1,0.95313751020675838E-1,0.71263018543503281E-1,0.68209678798906853E-1,0.90267165624072471E-1,0.14342640174514929E-3,0.35148238969833813E-3,0.68079388857646768E-3,0.39762340708904270E-3,0.16157146554007792E-3,0.10255506835673857E-3,0.24119027470186953E-3,0.50382216047624559E-3,0.21450745959292948E-3,0.68719558366968727E-4,0.46806492096348762E-4,0.55072762269761903E-4,0.69096559154566889E-1,0.78166474699643954E-1,0.72267245125152091E-1,0.80233192761786587E-1,0.38482563637435997E-1,0.28552976179308971E-1,0.65973751947723258E-1,0.86806804587976918E-1,0.84875257356161027E-1,0.63513789191721959E-1,0.60796808025933360E-1,0.80464552735713041E-1,0.23481255162494105E-4,0.39875026836000409E-4,0.49533681076044637E-4,0.56583733415943073E-4,0.14879858638168610E-4,0.77742893335074435E-5,0.41575387819327915E-4,0.67098652008339016E-4,0.38867059268002628E-4,0.15267023887523898E-4,0.12158276607721062E-4,0.21939039352890753E-4,0.70730025747423031E-3,0.80364933326264191E-3,0.73674332073442816E-3,0.83902136583834477E-3,0.39138907210139507E-3,0.28791081559246959E-3,0.68927102167296278E-3,0.90948101688132442E-3,0.87685642940533103E-3,0.64701601619855274E-3,0.61784548305803867E-3,0.82412508461970891E-3
0.72971980014102655E-3,0.94040036113796077E-3,0.12275457903498932E-2,0.87489477618163392E-3,0.37781585060514544E-3,0.32110639303084554E-3,0.75603754634556708E-3,0.11992101303093250E-2,0.10092890869728421E-2,0.65919687664006688E-3,0.59791143591780838E-3,0.73124231381171967E-3,0.64048384468939901E-1,0.85607043162738705E-1,0.11356954877683734,0.81066614511904334E-1,0.35111253897213146E-1,0.29615408068117688E-1,0.68486881064977467E-1,0.10953521157208712,0.89096176338898658E-1,0.57377666446978282E-1,0.52036710498803984E-1,0.63187143351406405E-1,0.56268302241591073E-1,0.77078555804632742E-1,0.10422276102062256,0.76163792538608277E-1,0.34213499943369641E-1,0.29007711982664830E-1,0.65873004626126885E-1,0.10342253385076106,0.79872024477012360E-1,0.50083527080246881E-1,0.45582560213475176E-1,0.54827949870883685E-1,0.14526949598803185E-3,0.19885921531681561E-3,0.26641047945474838E-3,0.19017780417129870E-3,0.82588378802483930E-4,0.69264314284112061E-4,0.15786154428099053E-3,0.25325251185037700E-3,0.20210153284239141E-3,0.12924298653516075E-3,0.11713736425278398E-3,0.14182494112446875E-3,0.40841818815806619E-6,0.80843953753628739E-6,0.12563283746658271E-5,0.97806918120113551E-6,0.28202862267789897E-6,0.26055957391690754E-6,0.88436458156593289E-6,0.22728912085767661E-5,0.12331362597706175E-5,0.54728666043502017E-6,0.50697579467851028E-6,0.31371172326544183E-6
0.46479108739561070E-3,0.61109281190852016E-3,0.86268062027272663E-3,0.72010590734805646E-3,0.34599352716213616E-3,0.30965322217468838E-3,0.73898780428294231E-3,0.12018531911905939E-2,0.90248272854864808E-3,0.54610022459655738E-3,0.46930904673558871E-3,0.51380882304385977E-3,0.38603151315541595E-1,0.50758619018154150E-1,0.71625676740794120E-1,0.59731211660363215E-1,0.28637024207966988E-1,0.25615010899038282E-1,0.61243649890130314E-1,0.99737279704470438E-1,0.74960798437828657E-1,0.45363315332558329E-1,0.38986274535801613E-1,0.42683949244448627E-1,0.33123284794100982E-1,0.43974091148868411E-1,0.62859190968822531E-1,0.53667850881566892E-1,0.26676313808593477E-1,0.24056065091926371E-1,0.56869882563148622E-1,0.90597524483371217E-1,0.65478809617047773E-1,0.38796454237655098E-1,0.33469089053994594E-1,0.36411440451189492E-1,0.14594961861291722E-3,0.19168353659893000E-3,0.27013507875039977E-3,0.22500750063159103E-3,0.10788627236024695E-3,0.96497140944507009E-4,0.23027266848885120E-3,0.37431350108363404E-3,0.28242074989748289E-3,0.17133151697379390E-3,0.14725704566842523E-3,0.16142327297075099E-3,0.23583268671245605E-6,0.46148684873514867E-6,0.84932239019508415E-6,0.76540374038813752E-6,0.23270985138879041E-6,0.18787638111916749E-6,0.90255269924455206E-6,0.23529551640422142E-5,0.11389680310003314E-5,0.42338754724369210E-6,0.35423752819951915E-6,0.22399859744837158E-6
0.37743247638388759E-1,0.59561802157048753E-1,0.82783861987678606E-1,0.37566679544909214E-1,0.91613636676868265E-2,0.62447371718121749E-2,0.70512098382380364E-2,0.30056119371124620E-1,0.40834959413871268E-1,0.26131099506443430E-1,0.18658803835336354E-1,0.26772562833343724E-1,1.3514633043776312,2.1943919321643075,3.4458619628807692,2.0182893507580952,0.48337189761937788,0.34779781277194383,1.4008924114072838,3.6806361918273462,2.7412639469481799,1.2778640041677389,0.95418461287799505,1.3330208288309107,0.63076264655848024,1.1419165808490559,2.3808276186088047,1.1100885748405174,0.19544411644645263,0.16198530472522063,1.1088474494158616,3.3505289191992911,2.4553663307003144,1.0049892509300660,0.75416135913997084,0.94390044491632341,0.21231337132832092E-1,0.36066137631962640E-1,0.64594924076288848E-1,0.40195940798071199E-1,0.10628086855035688E-1,0.81542275154333748E-2,0.36917610302111818E-1,0.91947179203799564E-1,0.57391718044641486E-1,0.23203376553482254E-1,0.17132004037634371E-1,0.23277129557186523E-1,0.73401027478325878E-2,0.13213504956866016E-1,0.27255190104824575E-1,0.19343807444727187E-1,0.57997584512747826E-2,0.46149395416250618E-2,0.21527095661610925E-1,0.50410348784168939E-1,0.26192936708469002E-1,0.89839362615862211E-2,0.64551590739370104E-2,0.86519751363312008E-2
0.21561589020890892E-2,0.29135647992006852E-2,0.38964813500186324E-2,0.27713195098755250E-2,0.12083032716603270E-2,0.10217937660428333E-2,0.23383799012677287E-2,0.37563034389620498E-2,0.30219714677315324E-2,0.19370102304350212E-2,0.17577737443374986E-2,0.21239775795933724E-2,0.27700129745511504E-3,0.40985081284361513E-3,0.58386603907223389E-3,0.44404604526704361E-3,0.22743899652510891E-3,0.19393888628371769E-3,0.40943240398050307E-3,0.56401913628434386E-3,0.36062155395200080E-3,0.19970111608813568E-3,0.19462115696811111E-3,0.23933170911760726E-3,0.10056979156658485,0.13543940637816831,0.18081740878628239,0.12856003073125066,0.55923989048523026E-1,0.47298651172589246E-1,0.10851885581075749,0.17431665965972343,0.14082067655962760,0.90423000848716129E-1,0.82023971490485792E-1,0.99244598571246456E-1,0.49008004943118522E-3,0.65951210981296526E-3,0.88031917577779950E-3,0.62607325901353761E-3,0.27211101816249084E-3,0.23001044713311103E-3,0.52824960938835375E-3,0.84674507228044149E-3,0.68477920400766834E-3,0.43992028508910153E-3,0.39894278591745547E-3,0.48371878591524364E-3,0.22536994492838858E-6,0.42946801670495915E-6,0.69879924069482513E-6,0.63671734551462578E-6,0.25353052990340075E-7,0.21717028175771702E-6,0.14981971219185652E-6,0.16909620370597622E-5,0.10685301532475933E-5,0.58489568743880227E-6,0.66981264978949184E-6,0.13244516594568267E-6
0.12129091313539675E-2,0.15908372059669773E-2,0.22588821728675157E-2,0.18651064852548416E-2,0.90197336710673426E-3,0.81553162800673817E-3,0.19338235368593359E-2,0.31714504036273183E-2,0.23888508664526853E-2,0.14468357338870419E-2,0.12440475103403514E-2,0.13548047110845118E-2,0.68200350256120146E-4,0.10062384703246607E-3,0.16489999232760510E-3,0.16262484159312862E-3,0.96776783919949594E-4,0.92099262438694041E-4,0.21295148044941925E-3,0.31925264920573682E-3,0.17399096829961991E-3,0.82897543940418927E-4,0.71681617086483129E-4,0.73169767134118047E-4,0.57041906842414392E-1,0.74819402350101427E-1,0.10620190020915743,0.87664403892517839E-1,0.42325571586232513E-1,0.38248510579208528E-1,0.90729266240430206E-1,0.14881585300230427,0.11219182568567021,0.67976495344623800E-1,0.58442388372270671E-1,0.63696440776084273E-1,0.27815740466508032E-3,0.36488980370563695E-3,0.51792370570069579E-3,0.42764843044551526E-3,0.20630513475339285E-3,0.18633570597614835E-3,0.44205159532850757E-3,0.72390110616993297E-3,0.54605162169707455E-3,0.33098716034629660E-3,0.28450295541659898E-3,0.31054490534643264E-3,0.15203127645690984E-6,0.27952395953434461E-6,0.39516478977930092E-6,0.42943781863868935E-6,0.16775913991295965E-7,0.13053913505700621E-6,0.19799273331955192E-6,0.13759411388036824E-5,0.75626616080626263E-6,0.34876990184784518E-6,0.36963143656976172E-6,0.83772988546115812E-7
0.13940455318994793E-2,0.19118034884080259E-2,0.23539156779328607E-2,0.18954647962310389E-2,0.15892453291144193E-2,0.14052096957151150E-2,0.17195094734745453E-2,0.21182411500397791E-2,0.15673720108466682E-2,0.98825220717912998E-3,0.94851531429185343E-3,0.11215239794637455E-2,0.31203245178801353E-2,0.47236072946432728E-2,0.60098387266727116E-2,0.64205646945758588E-2,0.49886540218757602E-2,0.37674324295799977E-2,0.50112243323852113E-2,0.63159476142438109E-2,0.32319827825144642E-2,0.17037686588228240E-2,0.14665604581853842E-2,0.20093631807327483E-2,0.31968069338361715E-1,0.44321075177933267E-1,0.54819151355189888E-1,0.45804454644304826E-1,0.37987517086612854E-1,0.32914326712152331E-1,0.40673913773048298E-1,0.50282898120812547E-1,0.35646410051271005E-1,0.22113412551760803E-1,0.21039026885105727E-1,0.25182240767307462E-1,0.30767034919776393E-3,0.42453529447428195E-3,0.52411875284263942E-3,0.43088228451892974E-3,0.35864671854568542E-3,0.31335384109709707E-3,0.38545318492566594E-3,0.47517384382800287E-3,0.34353403566278473E-3,0.21476076939030975E-3,0.20508335896174401E-3,0.24461104786155374E-3,0.66402074949678536E-5,0.98170387374807433E-5,0.10005384076805512E-4,0.13690995004367323E-4,0.93820107238684614E-5,0.58968057103925275E-5,0.96416874484361870E-5,0.11210341099854304E-4,0.59683884501282591E-5,0.32413378647788704E-5,0.29359146225260702E-5,0.40251677546621067E-5
0.26169706401901749E-5,0.40286174396442220E-5,0.47733550445627770E-5,0.57844191658773525E-5,0.42445833514648257E-5,0.28454483214090942E-5,0.42076573336657930E-5,0.47053179130784883E-5,0.23372539459387554E-5,0.12145910943672789E-5,0.10616902912374826E-5,0.15304992828646391E-5,0.97041814584031272E-4,0.15006498621517039E-3,0.17439311772449173E-3,0.21556683016399347E-3,0.15063159164441231E-3,0.96938521210176987E-4,0.14895868849507110E-3,0.17005595154273578E-3,0.83920975502138617E-4,0.43590365539358800E-4,0.37425051946371468E-4,0.55370329654635952E-4,0.10174529094797435E-2,0.14519522970601884E-2,0.16379004534883279E-2,0.15724541384543045E-2,0.11706884865958500E-2,0.86088607176293408E-3,0.12277076706368462E-2,0.13716394633433993E-2,0.93465910921963768E-3,0.56988169916394327E-3,0.54165154494967283E-3,0.70286240116956833E-3,0.97924273134708528E-5,0.13908049822930479E-4,0.15652739548954742E-4,0.14781849522194079E-4,0.11054899218265746E-4,0.81973503540666570E-5,0.11622469209271458E-4,0.12942034555152304E-4,0.89979650397253863E-5,0.55316062841370695E-5,0.52780109172090306E-5,0.68244094819647216E-5,0.37261527197074429E-4,0.52915645198936545E-4,0.59671974028674413E-4,0.56118972580065929E-4,0.42168797342867492E-4,0.31399729039094382E-4,0.44439323332312597E-4,0.49498950716042600E-4,0.34425154282757831E-4,0.21148400364268127E-4,0.20201142092446389E-4,0.26032637379103107E-4
0.23898330425708991E-2,0.29987336169767786E-2,0.36107596876888692E-2,0.23189444569027273E-2,0.58806847214043501E-3,0.34106875546058291E-3,0.61049773236732108E-3,0.23404196749510220E-2,0.36795907867315236E-2,0.27622230476254117E-2,0.24215776832647862E-2,0.25379131827207857E-2,0.29934206224879745E-5,0.54993414266846230E-5,0.67892482746856331E-5,0.60539715462937238E-5,0.17093491067043942E-5,0.83021767238733446E-6,0.59518496797750231E-5,0.10713739229117891E-4,0.75076878047752871E-5,0.30274458495682666E-5,0.22096084961731322E-5,0.30360585157040987E-5,0.78669325699110004E-1,0.10427229847920216,0.14949731444602321,0.13721516624443097,0.87806220903985377E-1,0.82354021252228904E-1,0.15895181545033665,0.24276034250192424,0.16844604662225038,0.97595969300812158E-1,0.83086888118089064E-1,0.86564052271143055E-1,0.17404582521862721E-2,0.23995916347274715E-2,0.38227426628623107E-2,0.42017085863932380E-2,0.32916052816744923E-2,0.32213725393859249E-2,0.61940813935734695E-2,0.84135977367338910E-2,0.46090115874974913E-2,0.22916556146057587E-2,0.19091026084439022E-2,0.19824776202881367E-2,0.96165407725834484E-3,0.13690354947470951E-2,0.23522243672857712E-2,0.28650441947775107E-2,0.24474917204031499E-2,0.24322020042433223E-2,0.46705063390106716E-2,0.60671008412782612E-2,0.29579350311337294E-2,0.13279510184815990E-2,0.10878840086547825E-2,0.11267792885405470E-2
0.29934477652204805E-2,0.42440446232916429E-2,0.67442224995772904E-2,0.35328645111576407E-2,0.17252941475476291E-2,0.17990714766824567E-2,0.30429788502317479E-2,0.64746790098269003E-2,0.51995881094057950E-2,0.32344315190613315E-2,0.26335425928891709E-2,0.27459149976039043E-2,0.99999084568480612E-5,0.22978909441917494E-4,0.42340465356005552E-4,0.30413183083055628E-4,0.14007333959398238E-4,0.92114671446097418E-5,0.24107501772618889E-4,0.43030068397342802E-4,0.18226344877803058E-4,0.61646066029652502E-5,0.45456962638468212E-5,0.63218141832521724E-5,0.12129324899845528,0.16103487524787852,0.21650321133392936,0.17364293919186480,0.96430574682671022E-1,0.85134955460475226E-1,0.16731920207746498,0.25561608435609173,0.19523355744155424,0.12083456868339226,0.10788963060193169,0.12312061386410278,0.12027869971120708E-2,0.15991047455088392E-2,0.21587928955568714E-2,0.17148043180981176E-2,0.94953211871029453E-3,0.84044419601525533E-3,0.16463485490447738E-2,0.25285848570533176E-2,0.19352746098988405E-2,0.11986851848888591E-2,0.10678932440555400E-2,0.12180649093807006E-2,0.24687331290351722E-4,0.30243267445939637E-4,0.31471653727521698E-4,0.41784190329963167E-4,0.26052289214817392E-4,0.21008785822118625E-4,0.46575717504993008E-4,0.57737310044103651E-4,0.40634613895917937E-4,0.24385201413679169E-4,0.24146434185468024E-4,0.28061940327006596E-4
0.38028679227863904E-2,0.81878743429797396E-2,0.12066971621926825E-1,0.86300096979741170E-2,0.43280627215480649E-2,0.34558623118741139E-2,0.70564634446768082E-2,0.10386621882574332E-1,0.66674224319385189E-2,0.39006792018625447E-2,0.31530106570087924E-2,0.33369746077482887E-2,0.28653666106492892E-3,0.68004445630265309E-3,0.10709171460732136E-2,0.82035116921730378E-3,0.48546925146553122E-3,0.38910993982455011E-3,0.73194555749722667E-3,0.91799420953719846E-3,0.46595242775282486E-3,0.23474422627955960E-3,0.20319790516865055E-3,0.22072737859701874E-3,0.13016494628814712,0.28031714565557309,0.41334871824005859,0.29547807002927584,0.14798465551635331,0.11777555176006871,0.24115745047126325,0.35336495507465315,0.22694698076364261,0.13265327616807099,0.10696068017068683,0.11435763825673462,0.55221829775575770E-3,0.11913731112755954E-2,0.17626917170332490E-2,0.12590165132664310E-2,0.63049766296785492E-3,0.49657908007816332E-3,0.10241388537224339E-2,0.14730842123888976E-2,0.94461011679314311E-3,0.54970359597561469E-3,0.43978549468803863E-3,0.48655284246024166E-3,0.75619777106794572E-5,0.14123342495508950E-4,0.15015579890587105E-4,0.11798855226174965E-4,0.61257887651322562E-5,0.10122778171250957E-4,0.13262377862588437E-4,0.46837476119776511E-4,0.31453009086135353E-4,0.20796324662342158E-4,0.20231194497455363E-4,0.52568793762475252E-5
0.81815574493049326E-2,0.12829154187876668E-1,0.14941800983159226E-1,0.14084068915565240E-1,0.11454580146619264E-1,0.82885081109651537E-2,0.11249206699481817E-1,0.12054963840490984E-1,0.77574542522995671E-2,0.49378908917319109E-2,0.38932834689475726E-2,0.58126230007005120E-2,0.31782220286658003,0.49836960235083438,0.57946548015941346,0.54670105678500391,0.44278510940465310,0.32016364340137216,0.43512511546328625,0.46781270908180517,0.30138884415276124,0.19204917907744701,0.15148562051869874,0.22551823257277448,0.18910874735489358,0.29636518476650053,0.34441528116602171,0.32435228379590342,0.26233063576963644,0.18967746046261169,0.25778923791186514,0.27747778382547494,0.17918999597910101,0.11431719824983588,0.90166155235493761E-1,0.13424850035193003,0.24528472586382577E-3,0.38203841423722906E-3,0.44268369414623976E-3,0.41133823902583799E-3,0.33244472952276283E-3,0.23593520470654994E-3,0.32106179492785714E-3,0.33482786987448776E-3,0.22127083720846485E-3,0.14217689470186201E-3,0.11053550519335431E-3,0.17580468636424484E-3,0.40642653686973063E-4,0.67819216909015267E-4,0.65485243894158884E-4,0.96025889462225678E-4,0.57981783818661370E-4,0.34105873680800869E-4,0.57679674370092471E-4,0.71116144084726329E-4,0.37530059060486565E-4,0.23218458267137976E-4,0.18767405407515980E-4,0.21527259974618573E-4
0.11575940206398627E-4,0.18020775982563464E-4,0.21972508257306345E-4,0.32412486028476906E-4,0.25054882613062546E-4,0.14069994058729662E-4,0.18802341905654885E-4,0.17766796922558115E-4,0.56812421433960480E-5,0.39420422481839523E-5,0.25357360655675620E-5,0.54426463336199049E-5,0.21706001120946894E-1,0.34062267930679013E-1,0.33743352116921699E-1,0.38644181135083500E-1,0.26994347508413341E-1,0.15917710500801263E-1,0.26307046652185306E-1,0.25091262432219708E-1,0.16229207313589455E-1,0.10482484416041160E-1,0.83796273964154011E-2,0.13973517503096389E-1,0.85277512074100059E-2,0.13467539563549735E-1,0.13537619736325723E-1,0.15357379306024654E-1,0.10782174095780306E-1,0.64006752298340075E-2,0.10455140468934587E-1,0.10035007846909139E-1,0.64144678724176174E-2,0.41182944254813947E-2,0.32762027224464418E-2,0.54354909551079800E-2,0.24069635173873394E-8,0.11657341758564144E-7,0.14748202659120579E-6,0.53734794391857577E-9,0.32294167340296553E-6,0.31476155015752738E-6,0.43774317504130522E-6,0.28873348156821521E-6,0.16087131626818518E-6,0.67832406358547814E-7,0.82176487836704837E-7,0.59152682752028340E-7,0.68175094902755973E-3,0.10444590081704064E-2,0.97467883541924039E-3,0.11650433062726506E-2,0.78911078116306044E-3,0.44929774123403377E-3,0.78010637949432748E-3,0.72979622345314965E-3,0.49350142639070782E-3,0.32712200948026293E-3,0.26520676321695191E-3,0.45258348180254870E-3
0.18706296214698881,0.28263528474514743,0.43248511856663896,0.40082114004746927,0.32241795144383190,0.29250361364141497,0.57753636499402461,0.64366868251397591,0.41456056862010371,0.23087914688968425,0.18032216888563823,0.22006184528411410,0.16638050048811692E-3,0.44201774684893280E-3,0.95780424036462364E-3,0.66733964132481560E-3,0.41226990266096664E-3,0.28833111676007661E-3,0.58786473244865078E-3,0.83419296803555198E-3,0.28668060370051762E-3,0.83517135429644895E-4,0.49671959878594407E-4,0.77016264476981178E-4,0.24374693320616814,0.36641457770159036,0.55488181823548643,0.51877091076235615,0.41870002902566483,0.37949705266271394,0.74574944282090883,0.82390876977811445,0.53523061918525627,0.30052339329067479,0.23510016958994129,0.28739562150548181,0.13161684902396331,0.19560499235460327,0.28941632647772053,0.27648304461447282,0.22540965195716467,0.20412482959919487,0.39671333139423837,0.42919003298669267,0.28380442630426828,0.16211488149009412,0.12727790376310111,0.15604851981265710,0.13156289296212265,0.19547212326109786,0.28907557126700567,0.27628452226480249,0.22529767410350843,0.20402492331150768,0.39643488965346307,0.42870626929314426,0.28359530346300232,0.16205219499632051,0.12723803178182891,0.15600722228725772
0.30167112413881370,0.38505399455157630,0.36477025191050672,0.42530550600883288,0.26587973649849772,0.19965326014226292,0.45063487692065252,0.44235402966830151,0.40962298171631772,0.30651239342205372,0.27811816634581987,0.37428652913007454,0.55427215261971696E-3,0.15310032974724663E-2,0.30303660603081539E-2,0.18653418942804478E-2,0.99417518661937265E-3,0.63867299227027274E-3,0.14625022792813525E-2,0.22672979271831650E-2,0.91718922012873350E-3,0.29462934092450155E-3,0.19020620189991178E-3,0.22743670058389398E-3,0.26877613183096116,0.34274146434754016,0.32408221763091660,0.37827774956866733,0.23643108471915752,0.17755505560490548,0.40073852074939964,0.39319642063162519,0.36476490850922971,0.27318257673769608,0.24789368567645909,0.33364186081463743,0.90902596561193150E-4,0.17413467112703529E-3,0.22118388010028411E-3,0.26625953886139087E-3,0.91766905185863834E-4,0.48507975414224802E-4,0.25290753935536259E-3,0.30313967780415396E-3,0.16672085489943811E-3,0.65590384235036936E-4,0.49495942899824286E-4,0.90789837869920120E-4,0.27510488376236708E-2,0.35236303830288307E-2,0.33041652436338609E-2,0.39557269193579714E-2,0.24049124425218338E-2,0.17904740179375267E-2,0.41872938805198601E-2,0.41195363476020930E-2,0.37683597486903864E-2,0.27828893234271845E-2,0.25191658536982686E-2,0.34170556340029634E-2
0.54640759472590616E-4,0.10923250837180376E-3,0.16702363403453546E-3,0.10444851294977298E-3,0.46177303758554444E-4,0.58561137272761243E-4,0.80651040512691452E-4,0.20748658080549376E-3,0.12704412544195520E-3,0.71274808277621560E-4,0.58759633603244765E-4,0.35047420077205516E-4,0.40636471965171950E-5,0.88913605367224591E-5,0.14543410919998223E-4,0.97948014143867113E-5,0.50728026224078349E-5,0.64829910328967344E-5,0.82732674044905252E-5,0.18287097169888966E-4,0.88651175289555795E-5,0.42818117940157663E-5,0.37748413284077742E-5,0.23039907759425660E-5,0.18703140867160073E-2,0.37398536498756130E-2,0.57216714424157544E-2,0.35763200258998040E-2,0.15790620064848326E-2,0.19959457056017982E-2,0.27564263227475294E-2,0.70590104677137333E-2,0.43243714635821107E-2,0.24239063947106843E-2,0.19933416304240836E-2,0.12010890824143416E-2,0.79344681935822337E-5,0.15893723670501458E-4,0.24398124409685806E-4,0.15237803907552916E-4,0.67274132931061104E-5,0.84153235491157830E-5,0.11705631131064820E-4,0.29427027037343123E-4,0.17999098655963053E-4,0.10044450604596022E-4,0.81959261599706679E-5,0.51101842757361737E-5,0.10887468704368075E-6,0.18935253365270910E-6,0.20918911047829170E-6,0.14344792020892783E-6,0.65548455552288942E-7,0.17166179588912200E-6,0.15177370471519680E-6,0.93571728143615474E-6,0.59933924489996571E-6,0.38000536051185918E-6,0.37702641009218496E-6,0.55237592277990188E-7
0.47817661830151792E-4,0.83406596296242697E-4,0.94360203206633742E-4,0.71351601071967252E-4,0.24170214274477075E-4,0.35912157692052915E-4,0.52749353329772930E-4,0.22653493481072928E-3,0.15979545153754771E-3,0.10487392199109991E-3,0.10621974411151314E-3,0.31003107636706773E-4,0.14475531884272641E-7,0.36198599673298304E-7,0.33604230509354238E-7,0.32543745476232289E-7,0.53690385470872570E-8,0.38338221486355906E-8,0.10765610625185218E-7,0.48206771907643997E-7,0.23116175640325309E-7,0.98032693074401323E-8,0.85043083686286991E-8,0.48752113457339874E-8,0.50098591941605264E-7,0.11311129810565035E-6,0.13061907111477922E-6,0.11822898215996247E-6,0.19456436461950943E-7,0.28026470033637452E-7,0.76980199992249254E-7,0.78853901186448638E-6,0.40112624333232816E-6,0.17615775504964404E-6,0.19415047347592918E-6,0.26702196009864565E-7,0.22855038750435597E-4,0.39868282009081213E-4,0.45096088641116694E-4,0.34105196888845057E-4,0.11549595058113482E-4,0.17157384846200330E-4,0.25206162490576389E-4,0.10818386764199772E-3,0.76326509113044949E-4,0.50097593184972311E-4,0.50736682410956746E-4,0.14817647553400093E-4,0.22854376169334500E-4,0.39866522527631787E-4,0.45094386891264548E-4,0.34103633694826385E-4,0.11549309952840758E-4,0.17157181453342218E-4,0.25205686426943430E-4,0.10818184392746844E-3,0.76325660458564926E-4,0.50097249015834677E-4,0.50736412404717157E-4,0.14817480575857189E-4
0.73750456015986288E-2,0.91142734845561790E-2,0.10810815929573891E-1,0.10571940819659176E-1,0.57758498691384830E-2,0.95113298996807316E-2,0.13653859981310745E-1,0.42763909549670132E-1,0.29982899299874077E-1,0.18510350390776864E-1,0.17842755435459878E-1,0.64423207698283136E-2,0.64883657557857077E-5,0.14032794481977362E-4,0.23617863398328609E-4,0.17398799556644917E-4,0.72626370695161313E-5,0.92511564631081455E-5,0.13761445671889305E-4,0.55102212392910133E-4,0.20640183961972980E-4,0.66715115210058684E-5,0.48956069420569293E-5,0.22403325417030828E-5,0.96109520626441736E-2,0.11819016665270965E-1,0.13876039914606508E-1,0.13685856093204052E-1,0.75025813217166615E-2,0.12342823524669200E-1,0.17634419802803336E-1,0.54748631336920539E-1,0.38713925124511661E-1,0.24094964645016148E-1,0.23263904120796042E-1,0.84139422678930487E-2,0.51907856468247360E-2,0.63127100206727960E-2,0.72438291027765445E-2,0.72969286410540235E-2,0.40407109519691176E-2,0.66412789541558936E-2,0.93844121114017298E-2,0.28529958771805752E-1,0.20531663277090217E-1,0.12998797487639990E-1,0.12595385443692209E-1,0.45689458833209073E-2,0.51886827765912358E-2,0.63084970992832723E-2,0.72354419554443439E-2,0.72917565383079364E-2,0.40387415085163525E-2,0.66380783497521634E-2,0.93778996550497595E-2,0.28498019912603922E-1,0.20516610518228617E-1,0.12993790545223760E-1,0.12591456362898157E-1,0.45677447729985943E-2
0.50118399395060467E-6,0.92913702323116352E-6,0.13288515460452289E-5,0.90712902900413894E-6,0.35208759032734347E-6,0.27945835019416164E-6,0.58981372608180038E-6,0.11480993344470392E-5,0.78841729602707742E-6,0.46362364507501753E-6,0.39708660293236164E-6,0.41677404456486044E-6,0.37928580987056646E-7,0.77424054101271619E-7,0.11824942602878252E-6,0.86325922366015109E-7,0.39331759671412667E-7,0.31351311369220977E-7,0.61048487087766998E-7,0.10155991332361225E-6,0.55145877730922167E-7,0.27920614975585068E-7,0.25622039423467414E-7,0.27613838105011723E-7,0.17154375472649973E-4,0.31809310189956362E-4,0.45518816810385944E-4,0.31058563888031185E-4,0.12038801681857337E-4,0.95241134601575787E-5,0.20157324938008260E-4,0.39059543656083659E-4,0.26836227211290976E-4,0.15766762026636627E-4,0.13470459781395050E-4,0.14282724806413682E-4,0.72777340287544240E-7,0.13519382573434769E-6,0.19411293417093134E-6,0.13233941578150166E-6,0.51291632452432625E-7,0.40156457847828618E-7,0.85603039234882777E-7,0.16282900439090753E-6,0.11169915854480905E-6,0.65336099286383837E-7,0.55385913722005854E-7,0.60768276366474086E-7,0.99590273805461042E-9,0.16013676606974058E-8,0.16520296242106269E-8,0.12397515902762279E-8,0.49862043383086525E-9,0.81870856760701829E-9,0.11088046925067375E-8,0.51771032794079016E-8,0.37192429580557017E-8,0.24717857982636814E-8,0.25478819942748033E-8,0.65644201185932616E-9
0.62219758234505207E-6,0.14301283712825352E-5,0.32378229875007492E-5,0.18234917575910004E-5,0.11203246330637739E-5,0.87237435053566514E-6,0.12658732728709765E-5,0.24139916732224265E-5,0.94289465124575145E-6,0.32148470552328945E-6,0.20412294077232218E-6,0.21637891478576421E-6,0.20275535401736988E-3,0.32675667398507358E-3,0.45768568224247019E-3,0.36526945255133114E-3,0.30188709789769064E-3,0.23857661624049342E-3,0.24736346491138761E-3,0.31124360244660920E-3,0.17761608397393047E-3,0.10266942549463920E-3,0.79058515378704897E-4,0.92743407620332619E-4,0.94621691815177655E-4,0.15294097863716161E-3,0.21379566064183564E-3,0.17115291441882619E-3,0.13710480040174389E-3,0.10567887507306750E-3,0.11160664143972099E-3,0.14370255563278533E-3,0.81181197231217084E-4,0.46856015600837964E-4,0.35483153837390091E-4,0.42546809098098493E-4,0.73282535595353693E-7,0.11760956653006360E-6,0.18112906730038958E-6,0.13128911291460099E-6,0.14903029921242705E-6,0.14498020561859448E-6,0.13331913351066760E-6,0.14236478662610352E-6,0.85496676405227845E-7,0.48041126632369924E-7,0.42643577558010293E-7,0.40423842051495740E-7,0.29922340161192551E-6,0.48468891122865898E-6,0.73776220688159810E-6,0.55289746114794980E-6,0.58555524873327158E-6,0.55376734309220410E-6,0.51847663939952326E-6,0.56798938885549433E-6,0.33528344545175059E-6,0.18781207700158120E-6,0.16439294370229618E-6,0.15909762396404403E-6
0.66508403229192936E-5,0.18355378550438672E-4,0.43723798359707189E-4,0.20171968539983709E-4,0.83825058005970732E-5,0.63573142305983765E-5,0.14496990718981806E-4,0.33280334932328515E-4,0.13726758396614969E-4,0.39367207271823190E-5,0.25636284206598248E-5,0.24280146782018619E-5,0.43611565958556753E-2,0.68176393384078438E-2,0.81702924559223788E-2,0.74060506558559780E-2,0.46784867366866933E-2,0.30628213667505122E-2,0.43977893064983675E-2,0.58402182960826110E-2,0.35679236924934798E-2,0.20767264772292293E-2,0.16500005395325701E-2,0.21877540601344947E-2,0.13320213110290524E-2,0.20765109649545366E-2,0.24645277889590034E-2,0.22673980710763431E-2,0.14270045820552468E-2,0.92821802377685003E-3,0.13310615987194296E-2,0.17595584047569446E-2,0.10762488464877151E-2,0.63041217224224511E-3,0.49993789197344540E-3,0.66610629545493794E-3,0.17830181775480014E-8,0.47393200475198682E-8,0.95479180117763462E-8,0.12194245613272869E-7,0.40009773272231541E-7,0.45686565641744892E-7,0.47496229171883897E-7,0.35188296720889412E-7,0.23569368678977298E-7,0.98412389348823126E-8,0.12697620732637915E-7,0.69277916736609768E-8,0.24603631842978757E-3,0.38408516367383072E-3,0.46066191128346645E-3,0.41371877035345506E-3,0.26278160625281544E-3,0.17304011956653653E-3,0.24787512931112587E-3,0.32851702336245125E-3,0.20224057450946020E-3,0.11782015807426660E-3,0.93909361176258699E-4,0.12407167382377793E-3
0.78042858984339603E-1,0.97217432142926441E-1,0.10847246105569752,0.10280357995018363,0.56373257755559791E-1,0.46202539905593198E-1,0.93228879705975487E-1,0.12782626752088078,0.11303892750618161,0.77304768709574034E-1,0.70313164641788717E-1,0.77875000361871116E-1,0.13973724826144007E-3,0.37354570139314092E-3,0.86721177581239317E-3,0.43614640699018992E-3,0.20615052136463419E-3,0.14530351926111962E-3,0.29381084534207957E-3,0.62919171082143066E-3,0.24461216447946299E-3,0.72624584390723612E-4,0.47075581743882822E-4,0.46186829472105728E-4,0.69537093136062822E-1,0.86544541981226075E-1,0.96392579671089607E-1,0.91448982588104855E-1,0.50134363089071599E-1,0.41091735608134172E-1,0.82916797061827197E-1,0.11364331377521353,0.10066970911815076,0.68901707053470318E-1,0.62674329484124769E-1,0.69421364936061991E-1,0.22843345526268877E-4,0.42253794774183007E-4,0.62917211707258502E-4,0.61969274156581378E-4,0.18985540606308859E-4,0.11019537993206541E-4,0.50642665350153493E-4,0.83692045027561335E-4,0.44306325985843387E-4,0.16143031444926237E-4,0.12230165769011592E-4,0.18391772726999989E-4,0.71124884755136009E-3,0.88867575307460811E-3,0.98164880633078155E-3,0.95462543079349871E-3,0.50971607929994889E-3,0.41429475974297247E-3,0.86513796659914988E-3,0.11880336455050156E-2,0.10387266417666297E-2,0.70157829021866291E-3,0.63667925473964715E-3,0.71054222914312959E-3
0.34379130653405809E-4,0.47929121116396800E-4,0.59558608267451518E-4,0.47879487041768698E-4,0.19187893052219351E-4,0.14138276327457788E-4,0.36106602596674975E-4,0.52528706717680507E-4,0.40398376199846098E-4,0.25372352219221739E-4,0.22921245346196883E-4,0.29641044729800115E-4,0.43178696174095421E-5,0.65432370632834136E-5,0.86707157009868752E-5,0.75062236426504114E-5,0.35392591080096736E-5,0.26392505958483525E-5,0.62265881339840234E-5,0.77865061065551799E-5,0.47746158138295414E-5,0.25970940953357058E-5,0.25157462779645812E-5,0.32980240760593915E-5,0.16038714027999390E-2,0.22288458776387188E-2,0.27649581184618910E-2,0.22218059338996454E-2,0.88837848455369794E-3,0.65464043297325247E-3,0.16759862209170251E-2,0.24381145706797724E-2,0.18827021044387493E-2,0.11844946996575345E-2,0.10696665242448944E-2,0.13851279145882245E-2,0.78157804672684961E-5,0.10853556275947085E-4,0.13461844972084691E-4,0.10820178086845544E-4,0.43227617041452504E-5,0.31835947211789062E-5,0.81585533884265260E-5,0.11843695357782735E-4,0.91553695735768770E-5,0.57628100069706534E-5,0.52026760677392758E-5,0.67511356505178810E-5,0.35198510772715963E-8,0.68833827526759706E-8,0.10416556506243069E-7,0.10783374193579220E-7,0.38857805861880479E-9,0.29545255131324666E-8,0.22692958623338200E-8,0.23343105226558691E-7,0.14149570404242695E-7,0.76099126999906730E-8,0.86624041273353214E-8,0.18278711877428577E-8
0.10391860882918991E-4,0.14374539958339483E-4,0.18985912930702398E-4,0.16587967444081642E-4,0.71219519170995227E-5,0.55873865534294964E-5,0.14498157874243134E-4,0.22127409593508673E-4,0.16415091330657106E-4,0.97783447117194555E-5,0.82766037579062868E-5,0.97986820435380650E-5,0.40581426752339667E-4,0.67924301916377772E-4,0.99405878906111411E-4,0.64926169152101920E-4,0.13933125053711137E-4,0.86411917621376233E-5,0.39782283067779645E-4,0.96638161117823529E-4,0.69330060892269785E-4,0.31679627365832630E-4,0.23494099821164127E-4,0.35209802895508346E-4,0.45291840855554710E-3,0.62179439694887151E-3,0.84503642270306045E-3,0.75603914950761464E-3,0.32661488731378086E-3,0.25831684915544884E-3,0.70189697183309363E-3,0.10881182440414250E-2,0.78378135341949928E-3,0.45352827555689146E-3,0.38547957075252270E-3,0.45167687972025305E-3,0.27563796578533584E-5,0.39767794390854760E-5,0.56478789645098004E-5,0.48176852729397979E-5,0.18822309044708163E-5,0.14523978464353604E-5,0.43410022243506319E-5,0.73072700779164279E-5,0.49766339493828582E-5,0.26682240417130743E-5,0.22130406840403793E-5,0.26996023194669760E-5,0.21952537565539387E-6,0.40404444234809489E-6,0.77645765372835740E-6,0.62529146305223549E-6,0.17230696869319218E-6,0.11982965730794604E-6,0.62445586479498161E-6,0.13267207776834766E-5,0.66197927139910462E-6,0.22262014454099699E-6,0.15828618415980600E-6,0.22941861743674963E-6
0.80748655115314705E-2,0.11156957488545061E-1,0.15574161286124877E-1,0.15403633567778741E-1,0.87718667106884141E-2,0.68884452671724716E-2,0.15460724512372792E-1,0.21058223324210701E-1,0.13684324676965787E-1,0.74635430644676148E-2,0.61223974114454904E-2,0.78388654802807878E-2,0.70856856382306432E-5,0.17115673145440269E-4,0.33903812912683406E-4,0.25270873926785953E-4,0.11014076228832437E-4,0.66879954019327670E-5,0.15575493783615002E-4,0.27122320922501331E-4,0.94323610255742096E-5,0.26979774858659766E-5,0.16855605800003559E-5,0.27324107421122790E-5,0.99004871195518263E-2,0.13619648476037582E-1,0.18863848897154867E-1,0.18789134165686505E-1,0.10721721078965629E-1,0.83883263066297786E-2,0.18789607566205291E-1,0.25311964759566763E-1,0.16556894014385648E-1,0.90779044377597984E-2,0.74416087038287060E-2,0.96360924082716792E-2,0.56578702253062829E-2,0.76938665072745493E-2,0.10392990787622125E-1,0.10586262073353225E-1,0.61090416483722265E-2,0.47872742312549121E-2,0.10579262306720238E-1,0.13985005039263143E-1,0.93260804877814962E-2,0.52148623333359012E-2,0.42994209889180013E-2,0.55343843467170473E-2,0.56615124631065328E-2,0.76968330013471586E-2,0.10391735019155135E-1,0.10589756683643259E-1,0.61124719259453286E-2,0.47902156717682942E-2,0.10583165053645871E-1,0.13985079967326897E-1,0.93298475530190217E-2,0.52189240356881328E-2,0.43032319968716592E-2,0.55386618967645518E-2
0.13018006600695742E-1,0.15210492673212173E-1,0.13193414788226221E-1,0.16369715795683248E-1,0.72476574169755281E-2,0.47163294494723118E-2,0.12098117736236702E-1,0.14528809662728293E-1,0.13540897829500409E-1,0.99081967270819860E-2,0.94377780719412385E-2,0.13324221207788867E-1,0.23447168118195805E-4,0.58878298503373117E-4,0.10644214452071310E-3,0.70183080325136871E-4,0.26379399642451062E-4,0.14719376295602160E-4,0.38418729886302572E-4,0.73144949297443418E-4,0.29892472142023507E-4,0.94108705717133034E-5,0.63724465704240174E-5,0.79683992737500375E-5,0.10655025260319917E-1,0.12246482210542808E-1,0.10095473751903228E-1,0.13107566980963270E-1,0.57016943282306443E-2,0.36176483941829929E-2,0.95041210972368617E-2,0.11160747261129700E-1,0.10773994943846787E-1,0.80513874564758225E-2,0.77205894495335770E-2,0.11036471661185487E-1,0.13006851595775970E-4,0.19238832749124413E-4,0.23547925209754794E-4,0.24116793007067372E-4,0.96471115540452956E-5,0.67109164447742842E-5,0.18811609869828771E-4,0.26769115546443345E-4,0.17884204783769064E-4,0.96548858685707728E-5,0.83645517179320450E-5,0.11352064177572174E-4,0.11827403696429428E-3,0.13854751266251242E-3,0.11875590892884702E-3,0.15150196652768955E-3,0.65214872613239550E-4,0.42042801773334304E-4,0.11178006289469522E-3,0.13443041027016989E-3,0.12396707340656121E-3,0.89610025355568723E-4,0.85176094799521707E-4,0.12125913997351745E-3
